title,artist,year,spotify_url
I Love Rock 'N Roll,Joan Jett & the Blackhearts,1981,https://open.spotify.com/track/2Cdvbe2G4hZsnhNMKyGrie
Tainted Love,Soft Cell,1981,https://open.spotify.com/track/0cGG2EouYCEEC3xfa0tDFV
Africa,TOTO,1982,https://open.spotify.com/track/2374M0fQpWi3dLnB54qaLX
Beat It,Michael Jackson,1982,https://open.spotify.com/track/1OOtq8tRnDM8kG2gqUPjAj
I Wanna Rock,Twisted Sister,1984,https://open.spotify.com/track/70Z9t1qhytWtG4cCmmi7mU
Like a Virgin,Madonna,1984,https://open.spotify.com/track/22VWmcVQrYqHT4exHD6mMF
Material Girl,Madonna,1984,https://open.spotify.com/track/7bkyXSi4GtVfD7itZRUR3e
Take on Me,a-ha,1985,https://open.spotify.com/track/2WfaOiMkCvy7F5fcp2zZ8L
Kiss,Prince,1986,https://open.spotify.com/track/62LJFaYihsdVrrkgUOJC05
Livin' On A Prayer,Bon Jovi,1986,https://open.spotify.com/track/0J6mQxEZnlRt9ymzFntA6z
Master Of Puppets,Metallica,1986,https://open.spotify.com/track/2MuWTIM3b0YEAskbeeFE1i
Venus,Bananarama,1986,https://open.spotify.com/track/4XX1pFUkQOZTYp6Hb6a6Ae
Everywhere,Fleetwood Mac,1987,https://open.spotify.com/track/1prZ0pr6XoRCxcrC3MCL0M
Man in the Mirror,Michael Jackson,1987,https://open.spotify.com/track/2u2udGmop1z67EPpr91km7
Ice Ice Baby,Vanilla Ice,1989,https://open.spotify.com/track/3XVozq1aeqsJwpXrEZrDJ9
Love Shack,The B-52's,1989,https://open.spotify.com/track/4W4wYHtsrgDiivRASVOINL
U Can't Touch This,MC Hammer,1990,https://open.spotify.com/track/1B75hgRqe7A4fwee3g3Wmu
Baby Got Back,Sir Mix-A-Lot,1992,https://open.spotify.com/track/7MCNnnmwm7TXMh7xyNGohi
Creep,Radiohead,1992,https://open.spotify.com/track/70LcF31zb1H0PyJoS1Sx1r
Friday I'm In Love,The Cure,1992,https://open.spotify.com/track/4QlzkaRHtU8gAdwqjWmO8n
I Will Always Love You,Whitney Houston,1992,https://open.spotify.com/track/4eHbdreAnSOrDDsFfc4Fpm
Jump Around,House Of Pain,1992,https://open.spotify.com/track/2oTDOIAdsxPTE7yAp4YOcv
Show Me Love,Robin S,1992,https://open.spotify.com/track/4t0UsYzmmmZRMTWn77jiGF
Loser,Beck,1993,https://open.spotify.com/track/5PntSbMHC1ud6Vvl8x56qd
Basket Case,Green Day,1994,https://open.spotify.com/track/6L89mwZXSOwYl76YXfX13s
Cotton Eye Joe,Rednex,1994,https://open.spotify.com/track/0Jg602cHeMCnPez9baacIe
Welcome to Paradise,Green Day,1994,https://open.spotify.com/track/5kr3j5Clb9rjEposoMyLVt
Zombie,The Cranberries,1994,https://open.spotify.com/track/2IZZqH4K02UIYg5EohpNHF
Wonderwall,Oasis,1995,https://open.spotify.com/track/5wj4E6IsrVtn8IBJQOd0Cl
Pony,Ginuwine,1996,https://open.spotify.com/track/6mz1fBdKATx6qP4oP1I65G
Wannabe,Spice Girls,1996,https://open.spotify.com/track/1Je1IMUlBXcx1Fz0WE7oPT
Around the World,Daft Punk,1997,https://open.spotify.com/track/1pKYYY0dkg23sQQXi0Q5zN
Barbie Girl,Aqua,1997,https://open.spotify.com/track/2ZCTP54O2dMSbVrdsg60to
Let Me Entertain You,Robbie Williams,1997,https://open.spotify.com/track/0SLtqCrXBRrnkxSOMA3X4W
MMMBop,Hanson,1997,https://open.spotify.com/track/7eRAk2pnZDWhAiMmUdAOlb
Song 2,Blur,1997,https://open.spotify.com/track/4F64QXRV1EGHSm5jIeMmcQ
Tubthumping,Chumbawamba,1997,https://open.spotify.com/track/22HYEJveCvykVDHDiEEmjZ
...Baby One More Time,Britney Spears,1998,https://open.spotify.com/track/3MjUtNVVq3C8Fn0MP3zhXa
Believe,Cher,1998,https://open.spotify.com/track/2goLsvvODILDzeeiT4dAoR
Fly Away,Lenny Kravitz,1998,https://open.spotify.com/track/1OxcIUqVmVYxT6427tbhDW
Iris,The Goo Goo Dolls,1998,https://open.spotify.com/track/6Qyc6fS4DsZjB2mRW9DsQs
All Star,Smash Mouth,1999,https://open.spotify.com/track/3cfOd4CMv2snFaKAnMdnvK
All The Small Things,blink-182,1999,https://open.spotify.com/track/5uAzuQcZEufbP3NamOy2dH
Drive,Incubus,1999,https://open.spotify.com/track/73fzhVcs7n1wZz84eoE2vs
I Want It That Way,Backstreet Boys,1999,https://open.spotify.com/track/6e40mgJiCid5HRAGrbpGA6
Let's Get Loud,Jennifer Lopez,1999,https://open.spotify.com/track/6wY3O8syB9UoYGFcojLv4c
My Name Is,Eminem,1999,https://open.spotify.com/track/4rc9kQ6qyssElIccFJgbJb
No Scrubs,TLC,1999,https://open.spotify.com/track/1KGi9sZVMeszgZOWivFpxs
Say My Name,Destiny's Child,1999,https://open.spotify.com/track/7H6ev70Weq6DdpZyyTmUXk
Scar Tissue,Red Hot Chili Peppers,1999,https://open.spotify.com/track/1G391cbiT3v3Cywg8T7DM1
Still D.R.E.,"Dr. Dre, Snoop Dogg",1999,https://open.spotify.com/track/503OTo2dSqe7qk76rgsbep
The Bad Touch,Bloodhound Gang,1999,https://open.spotify.com/track/5EYdTPdJD74r9EVZBztqGG
The Next Episode,"Dr. Dre, Snoop Dogg",1999,https://open.spotify.com/track/4LwU4Vp6od3Sb08CsP99GC
Waiting for Tonight,Jennifer Lopez,1999,https://open.spotify.com/track/5yaCquc7koPqtgj7v0lwHX
Bye Bye Bye,*NSYNC,2000,https://open.spotify.com/track/62bOmKYxYg7dhrC6gH9vFn
In the End,Linkin Park,2000,https://open.spotify.com/track/60a0Rd6pjrkxjPbaKzXjfq
It Wasn't Me,"Shaggy, Rik Rok",2000,https://open.spotify.com/track/0OaunKfsxkgBvPv68jBbmm
Oops!...I Did It Again,Britney Spears,2000,https://open.spotify.com/track/6naxalmIoLFWR0siv8dnQQ
Stan,"Eminem, Dido",2000,https://open.spotify.com/track/3UmaczJpikHgJFyBTAJVoz
Teenage Dirtbag,Wheatus,2000,https://open.spotify.com/track/3LI4MmibTkXH5cGpCGZgyw
Yellow,Coldplay,2000,https://open.spotify.com/track/3AJwUDP919kvQ9QcozQPxg
In Your Eyes,Kylie Minogue,2001,https://open.spotify.com/track/1F5jI1Uh59GCnvalivgtjR
The Middle,Jimmy Eat World,2001,https://open.spotify.com/track/5kD9T7GForh8LnRz5ClbL8
A Thousand Miles,Vanessa Carlton,2002,https://open.spotify.com/track/6Qm9MaditCcx5V62rVHYqu
Clocks,Coldplay,2002,https://open.spotify.com/track/0BCPKOYdS2jbQ8iyB56Zns
Complicated,Avril Lavigne,2002,https://open.spotify.com/track/2IiNA0s5eQBSjwK4iNeUvW
Dilemma,"Nelly, Kelly Rowland",2002,https://open.spotify.com/track/0ARK753YaiJbpLUk7z5yIM
Fighter,Christina Aguilera,2002,https://open.spotify.com/track/7nXq1vaZiz7PdbfojpPjW5
Hot In Herre,Nelly,2002,https://open.spotify.com/track/0oXuKhuNkXiZtuoxrdt3Ca
Lose Yourself,Eminem,2002,https://open.spotify.com/track/5Z01UMMf7V1o0MzF86s6WJ
Señorita,Justin Timberlake,2002,https://open.spotify.com/track/0aj2QKJvz6CePykmlTApiD
This Love,Maroon 5,2002,https://open.spotify.com/track/6YgV0EF8xJMZz0Zm6BTaT4
99 Problems,JAY-Z,2003,https://open.spotify.com/track/1l6DvDFssUqMnsFJNFnrRJ
Bring Me To Life,Evanescence,2003,https://open.spotify.com/track/0COqiPhxzoWICwFCS4eZcp
Crazy In Love,"Beyoncé, JAY-Z",2003,https://open.spotify.com/track/0TwBtDAWpkpM3srywFVOV5
Hey Ya!,Outkast,2003,https://open.spotify.com/track/2PpruBYCo4H7WOBJ7Q2EwM
In Da Club,50 Cent,2003,https://open.spotify.com/track/4RY96Asd9IefaL3X4LOLZ8
Mr. Brightside,The Killers,2003,https://open.spotify.com/track/7oK9VyNzrYvRFo7nQEYkWN
Numb,Linkin Park,2003,https://open.spotify.com/track/2nLtzopw4rPReszdYBJU6h
Seven Nation Army,The White Stripes,2003,https://open.spotify.com/track/3ctoHckjyd13eBi2IDw2Ip
Stacy's Mom,Fountains Of Wayne,2003,https://open.spotify.com/track/27L8sESb3KR79asDUBu8nW
Toxic,Britney Spears,2003,https://open.spotify.com/track/6I9VzXrHxO9rA9A5euc8Ak
Where Is The Love?,Black Eyed Peas,2003,https://open.spotify.com/track/5qtkvVNDdfCT7QAW726uvO
American Idiot,Green Day,2004,https://open.spotify.com/track/6nTiIhLmQ3FWhvrGafw2zj
Lonely,Akon,2004,https://open.spotify.com/track/4mNGNMcsoMS6F9SGycmHWM
Since U Been Gone,Kelly Clarkson,2004,https://open.spotify.com/track/3xrn9i8zhNZsTtcoWgQEAd
Yeah!,"USHER, Lil Jon, Ludacris",2004,https://open.spotify.com/track/5rb9QrpfcKFHM1EUbSIurX
"Dance, Dance",Fall Out Boy,2005,https://open.spotify.com/track/0a7BloCiNzLDD9qSQHh5m7
Feel Good Inc.,"Gorillaz, De La Soul",2005,https://open.spotify.com/track/0d28khcov6AiegSCpG5TuT
Temperature,Sean Paul,2005,https://open.spotify.com/track/0k2GOhqsrxDTAbFFSdNJjT
Clumsy,Fergie,2006,https://open.spotify.com/track/64HtRJl3RuQOnF8MdNR2B5
Fergalicious,"Fergie, will.i.am",2006,https://open.spotify.com/track/1D066zixBwqFYqBhKgdPzp
Hips Don't Lie,"Shakira, Wyclef Jean",2006,https://open.spotify.com/track/3ZFTkvIE7kyPt6Nu3PEa7V
London Bridge,Fergie,2006,https://open.spotify.com/track/2UPqEbhg8b2O0onMq5dHlP
Maneater,Nelly Furtado,2006,https://open.spotify.com/track/4wH4dJgrsxONID6KS2tDQM
Promiscuous,"Nelly Furtado, Timbaland",2006,https://open.spotify.com/track/7cUhxtLxcNZXV6Qdpi8PTO
SOS,Rihanna,2006,https://open.spotify.com/track/4S5b3wwIXpVNvY2jeIQdKu
Teenagers,My Chemical Romance,2006,https://open.spotify.com/track/7j31rVgGX9Q2blT92VBEA0
Low,"Flo Rida, T-Pain",2007,https://open.spotify.com/track/0CAfXk7DXMnon4gLudAp7J
Stronger,Kanye West,2007,https://open.spotify.com/track/4y6c5vMzKKM3KsMbHtjKx5
Umbrella,"Rihanna, JAY-Z",2007,https://open.spotify.com/track/49FYlytm3dAAraYgpoJZux
Closer,Ne-Yo,2008,https://open.spotify.com/track/0GX5oOKtU0nnx5OkhenW2i
Forever,Chris Brown,2008,https://open.spotify.com/track/4X3FiBn7cd88I3MVtph9By
Halo,Beyoncé,2008,https://open.spotify.com/track/2CvOqDpQIMw69cCzWqr5yr
Heartless,Kanye West,2008,https://open.spotify.com/track/4EWCNWgDS8707fNSZ1oaA5
Hot N Cold,Katy Perry,2008,https://open.spotify.com/track/1ulXmqjktxSdrdT1bzc69H
I Kissed A Girl,Katy Perry,2008,https://open.spotify.com/track/005lwxGU1tms6HGELIcUv9
I'm Yours,Jason Mraz,2008,https://open.spotify.com/track/1EzrEOXmMH3G43AXT1y7pA
Just Dance,"Lady Gaga, Colby O'Donis",2008,https://open.spotify.com/track/6HkjpGIOHv4y0IBAxUbE5z
Poker Face,Lady Gaga,2008,https://open.spotify.com/track/1QV6tiMFM6fSOKOGLMHYYg
Single Ladies,Beyoncé,2008,https://open.spotify.com/track/5R9a4t5t5O0IsznsrKPVro
So What,P!nk,2008,https://open.spotify.com/track/6qYGUxPjQt5PJtWdiNppZx
Use Somebody,Kings of Leon,2008,https://open.spotify.com/track/5VGlqQANWDKJFl0MBG3sg2
Viva La Vida,Coldplay,2008,https://open.spotify.com/track/1mea3bSkSGXuIRvnydlB5b
Bad Romance,Lady Gaga,2009,https://open.spotify.com/track/1CZOrmHUUjeDP7N2B4Ba6S
"Hey, Soul Sister",Train,2009,https://open.spotify.com/track/0KpfYajJVVGgQ32Dby7e9i
Hotel Room Service,Pitbull,2009,https://open.spotify.com/track/6dKJWmXeYPznzolqo4K6Uq
I Gotta Feeling,Black Eyed Peas,2009,https://open.spotify.com/track/70cTMpcgWMcR18t9MRJFjB
Party In The U.S.A.,Miley Cyrus,2009,https://open.spotify.com/track/3E7dfMvvCLUddWissuqMwr
TiK ToK,Kesha,2009,https://open.spotify.com/track/5OMwQFBcte0aWFJFqrr5oj
Firework,Katy Perry,2010,https://open.spotify.com/track/4lCv7b86sLynZbXhfScfm2
Grenade,Bruno Mars,2010,https://open.spotify.com/track/2tJulUYLDKOg9XrtVkMgcJ
OMG,"USHER, will.i.am",2010,https://open.spotify.com/track/3r04p85xiJh9Wqk59YDYdc
Pumped Up Kicks,Foster The People,2010,https://open.spotify.com/track/7w87IxuO7BDcJ3YUqCyMTT
Rolling in the Deep,Adele,2010,https://open.spotify.com/track/1eq1wUnLVLg4pdEfx9kajC
Super Bass,Nicki Minaj,2010,https://open.spotify.com/track/7gKIt3rDGIMJDFVSPBnGmj
Yeah 3x,Chris Brown,2010,https://open.spotify.com/track/5PypFTXJ4Ij2nMvxKRjjv2
Your Love Is My Drug,Kesha,2010,https://open.spotify.com/track/3MFQiTzOI5txaTQlybipNx
Call Me Maybe,Carly Rae Jepsen,2011,https://open.spotify.com/track/20I6sIOMTCkB6w7ryavxtO
Domino,Jessie J,2011,https://open.spotify.com/track/2fQxE0jVrjNMT9oJAXtSJR
Levels,Avicii,2011,https://open.spotify.com/track/5QjJgPU8AJeickx34f7on6
Set Fire to the Rain,Adele,2011,https://open.spotify.com/track/5PKWUDfQFtc5qqo8cs1gQp
Titanium,"David Guetta, Sia",2011,https://open.spotify.com/track/0TDLuuLlV54CkRRUOahJb4
We Found Love,"Rihanna, Calvin Harris",2011,https://open.spotify.com/track/0U10zFw4GlBacOy9VDGfGL
Work Out,J. Cole,2011,https://open.spotify.com/track/2wAJTrFhCnQyNSD3oUgTZO
22,Taylor Swift,2012,https://open.spotify.com/track/5ybJm6GczjQOgTqmJ0BomP
Clarity,"Zedd, Foxes",2012,https://open.spotify.com/track/0VGrgE7GbWaINRnh1bR4k9
Demons,Imagine Dragons,2012,https://open.spotify.com/track/2Oehrcv4Kov0SuIgWyQY9e
How We Do (Party),Rita Ora,2012,https://open.spotify.com/track/2KlJOPMqqg7KaH1VriZnYI
Kiss You,One Direction,2012,https://open.spotify.com/track/0AkQbXGN4KG34TS7xLrM68
Payphone,"Maroon 5, Wiz Khalifa",2012,https://open.spotify.com/track/1LmN9SSHISbtp9LoaR5ZVJ
Scream,USHER,2012,https://open.spotify.com/track/5sAlmL7Qp9N9BJTADkwEt9
Some Nights,fun.,2012,https://open.spotify.com/track/6t6oULCRS6hnI7rm0h5gwl
Treasure,Bruno Mars,2012,https://open.spotify.com/track/55h7vJchibLdUkxdlX3fK7
Burn,Ellie Goulding,2013,https://open.spotify.com/track/2GgxS8bUT5G25QJTsfSv0R
Happy,Pharrell Williams,2013,https://open.spotify.com/track/6NPVjNh8Jhru9xOmyQigds
I See Fire,Ed Sheeran,2013,https://open.spotify.com/track/2q5rFdBjUn0e9EL6mHb4Jy
Riptide,Vance Joy,2013,https://open.spotify.com/track/3JvrhDOgAt6p7K8mDyZwRd
Royals,Lorde,2013,https://open.spotify.com/track/3yvZ1VUso9Xi7EvIyLaj4o
Wake Me Up,Avicii,2013,https://open.spotify.com/track/4h8VwCb1MTGoLKueQ1WgbD
Anaconda,Nicki Minaj,2014,https://open.spotify.com/track/5eqiMMbaeUZ32Q7sS00H35
Boom Clap,Charli xcx,2014,https://open.spotify.com/track/094RugjgLW6CdPLOJctBZ3
Chandelier,Sia,2014,https://open.spotify.com/track/2i8EtsynIudUUaLPUkO6rJ
Shake It Off,Taylor Swift,2014,https://open.spotify.com/track/5WfhXulggG0c6WoVeMPA8N
Summer,Calvin Harris,2014,https://open.spotify.com/track/6YUTL4dYpB9xZO5qExPf05
Uptown Funk,"Mark Ronson, Bruno Mars",2014,https://open.spotify.com/track/32OlwWuMpZ6b0aN2RZOeMS
Antidote,Travis Scott,2015,https://open.spotify.com/track/1wHZx0LgzFHyeIZkUydNXq
King Kunta,Kendrick Lamar,2015,https://open.spotify.com/track/1vffte5WTHIik37ePfJdo4
Love Yourself,Justin Bieber,2015,https://open.spotify.com/track/50kpGaPAhYJ3sGmk6vplg0
Stitches,Shawn Mendes,2015,https://open.spotify.com/track/1WP1r7fuvRqZRnUaTi2I1Q
The Hills,The Weeknd,2015,https://open.spotify.com/track/25khomWgBVamSdKw7hzm3l
Alone,Marshmello,2016,https://open.spotify.com/track/3MEYFivt6bilQ9q9mFWZ4g
Closer,"The Chainsmokers, Halsey",2016,https://open.spotify.com/track/7BKLCZ1jbUBVqRi2FVlTVw
Fake Love,Drake,2016,https://open.spotify.com/track/343YBumqHu19cGoGARUTsd
Let Me Love You,"DJ Snake, Justin Bieber",2016,https://open.spotify.com/track/0lYBSQXN6rCTvUZvg9S0lU
One Dance,"Drake, Wizkid, Kyla",2016,https://open.spotify.com/track/1xznGGDReH1oQq0xzbwXa3
Unstoppable,Sia,2016,https://open.spotify.com/track/0rIQnAMAUvJo3yLT2FBwTb
Attention,Charlie Puth,2017,https://open.spotify.com/track/4iLqG9SeJSnt0cSPICSjxv
Bodak Yellow,Cardi B,2017,https://open.spotify.com/track/2771LMNxwf62FTAdpJMQfM
How Long,Charlie Puth,2017,https://open.spotify.com/track/6wmAHw1szh5RCKSRjiXhPe
IDGAF,Dua Lipa,2017,https://open.spotify.com/track/76cy1WJvNGJTj78UqeA5zr
LOVE. FEAT. ZACARI.,"Kendrick Lamar, Zacari",2017,https://open.spotify.com/track/6PGoSes0D9eUDeeAafB2As
New Rules,Dua Lipa,2017,https://open.spotify.com/track/2ekn2ttSfGqwhhate0LSR0
Thunder,Imagine Dragons,2017,https://open.spotify.com/track/26gceVsA1ybT8qsX3aYLEn
Better Now,Post Malone,2018,https://open.spotify.com/track/7dt6x5M1jzdTEt8oCbisTK
I'm a Mess,Bebe Rexha,2018,https://open.spotify.com/track/04ZTP5KsCypmtCmQg5tH9R
7 rings,Ariana Grande,2019,https://open.spotify.com/track/6ocbgoVGwYJhOv1GgI9NsF
Adore You,Harry Styles,2019,https://open.spotify.com/track/3jjujdWJ72nww5eGnfs2E7
bad guy,Billie Eilish,2019,https://open.spotify.com/track/2Fxmhks0bxGSBdJ92vM42m
Blinding Lights,The Weeknd,2019,https://open.spotify.com/track/0VjIjW4GlUZAMYd2vXMi3b
Circles,Post Malone,2019,https://open.spotify.com/track/21jGcNKet2qwijlDFuPiPb
hot girl bummer,blackbear,2019,https://open.spotify.com/track/2mt1IqcFyY1zmYZT8Q3xw9
Robbery,Juice WRLD,2019,https://open.spotify.com/track/6Hj9jySrnFppAI0sEMCZpJ
Say So,Doja Cat,2019,https://open.spotify.com/track/3Dv1eDb0MEgF93GpLXlucZ
Break My Heart,Dua Lipa,2020,https://open.spotify.com/track/1raaNykBg1bDnWENUiglUA
Heat Waves,Glass Animals,2020,https://open.spotify.com/track/6CDzDgIUqeDY5g8ujExx2f
Levitating,"Dua Lipa, DaBaby",2020,https://open.spotify.com/track/463CkQjx2Zk1yXoBuierM9
Midnight Sky,Miley Cyrus,2020,https://open.spotify.com/track/27ycaQnQAxaPiyeg3nr2aB
Physical,Dua Lipa,2020,https://open.spotify.com/track/3AzjcOeAmA57TIOr9zF1ZW
Bad Habits,Ed Sheeran,2021,https://open.spotify.com/track/6PQ88X9TkUIAUIZJHW2upE
Easy On Me,Adele,2021,https://open.spotify.com/track/46IZ0fSY2mpAiktS3KOqds
good 4 u,Olivia Rodrigo,2021,https://open.spotify.com/track/6PERP62TejQjgHu81OHxgM
Need to Know,Doja Cat,2021,https://open.spotify.com/track/3Vi5XqYrmQgOYBajMWSvCi
Shivers,Ed Sheeran,2021,https://open.spotify.com/track/75MNhvTCCKsST3YqqUiU9r
Woman,Doja Cat,2021,https://open.spotify.com/track/6Uj1ctrBOjOas8xZXGqKk4
About Damn Time,Lizzo,2022,https://open.spotify.com/track/1PckUlxKqWQs3RlWXVBLw3
Anti-Hero,Taylor Swift,2022,https://open.spotify.com/track/0V3wPSX9ygBnCm8psDIegu
As It Was,Harry Styles,2022,https://open.spotify.com/track/4LRPiXqCikLlN15c3yImP7
I Ain't Worried,OneRepublic,2022,https://open.spotify.com/track/4h9wh7iOZ0GGn8QVp4RAOB
Flowers,Miley Cyrus,2023,https://open.spotify.com/track/0yLdNVWF3Srea0uzk55zFn
